cloudletId,vmId
0,6
1,8
2,3
3,4
4,3
5,4
6,5
7,4
8,7
9,3
10,4
11,6
12,7
13,1
14,8
15,2
16,7
17,5
18,8
19,8
20,6
21,1
22,8
23,7
24,5
25,7
26,4
27,8
28,5
29,5
30,8
31,2
32,1
33,8
34,8
35,3
36,7
37,3
38,4
39,2
40,4
41,8
42,3
43,5
44,5
45,6
46,8
47,3
48,5
49,8
50,7
51,7
52,4
53,6
54,3
55,2
56,6
57,6
58,6
59,7
60,8
61,4
62,6
63,7
64,5
65,5
66,1
67,1
68,7
69,5
70,8
71,8
72,4
73,5
74,8
75,5
76,5
77,6
78,7
79,7
80,5
81,7
82,7
83,2
84,7
85,4
86,8
87,2
88,3
89,8
90,6
91,1
92,1
93,5
94,2
95,2
96,6
97,3
98,7
99,4
