taskId,lengthMI,pes,ramMB,priority
1,21875,1,1024,1
2,3125,1,1024,0
3,3125,1,1024,0
4,3125,1,1024,1
5,3125,1,1024,0
6,3125,1,5498,3
7,3125,1,1024,0
8,3125,1,1024,0
9,12500,1,1024,0
10,15625,1,1649,2
11,3125,1,1024,0
12,3125,1,1024,0
13,15625,1,1024,0
14,3125,1,1024,0
15,6250,1,4398,2
16,3125,1,1024,0
17,3125,1,5498,3
18,31250,1,2147,2
19,3125,1,1024,0
20,15625,1,1024,0
21,15625,1,1649,2
22,12500,1,1024,0
23,15625,1,1649,2
24,15625,1,1649,2
25,15625,1,1649,2
26,15625,1,1649,2
27,3125,1,1024,0
28,15625,1,1024,0
29,15625,1,1024,1
30,3125,1,1024,0
31,31250,1,1024,2
32,9375,1,1024,1
33,3125,1,1024,0
34,3125,1,1024,0
35,3125,1,1024,0
36,3125,1,1024,0
37,3125,1,1024,0
38,3125,1,1024,0
39,3125,1,1024,0
40,3125,1,1024,0
41,3125,1,1024,0
42,3125,1,1024,2
43,3125,1,1024,0
44,3125,1,1024,0
45,3125,1,5498,3
46,15625,1,1649,2
47,15625,1,1649,2
48,15625,1,1649,2
49,3125,1,1024,0
50,3125,1,1024,0
51,15625,1,1024,0
52,3125,1,1024,0
53,15625,1,1649,2
54,31250,1,1024,1
55,3125,1,1024,0
56,3125,1,1024,1
57,3125,1,1024,0
58,3125,1,1024,0
59,15625,1,1649,2
60,15625,1,1649,2
61,25000,1,1611,0
62,3125,1,1024,0
63,15625,1,1649,2
64,15625,1,1024,0
65,15625,1,1649,2
66,6250,1,4398,2
67,6250,1,1127,1
68,3125,1,1024,0
69,3125,1,1024,0
70,15625,1,1649,2
71,31250,1,1024,2
72,3125,1,1024,0
73,3125,1,1024,0
74,3125,1,1024,0
75,15625,1,1649,2
76,15625,1,1649,2
77,15625,1,1649,2
78,96875,4,1317,2
79,3125,1,1024,2
80,31250,1,1024,1
81,3125,1,1024,0
82,3125,1,5498,3
83,3125,1,1024,0
84,3125,1,1024,0
85,15625,1,1024,0
86,15625,1,1649,2
87,3125,1,1024,0
88,3125,1,1024,0
89,31250,1,1024,2
90,3125,1,1024,0
91,3125,1,1024,0
92,3125,1,1024,0
93,3125,1,1024,0
94,3125,1,1024,0
95,3125,1,1024,0
96,3125,1,1024,0
97,3125,1,1024,0
98,3125,1,1024,0
99,18750,1,1024,0
100,3125,1,1024,0
